{"cameraMode":{"drawMode":0,"name":"Shaded","section":"Shading Mode"},"sceneLighting":true,"audioPlay":false,"sceneViewState":{"showFog":true,"showMaterialUpdate":false,"showSkybox":true,"showFlares":true,"showImageEffects":true,"showParticleSystems":true},"in2DMode":false,"pivot":{"x":92.87948608398438,"y":12.0201416015625,"z":189.8907470703125},"rotation":{"x":0.2191336452960968,"y":-0.18314141035079957,"z":0.04191668704152107,"w":0.9574368596076965},"size":277.15087890625,"orthographic":false}