{"cameraMode":{"drawMode":0,"name":"Shaded","section":"Shading Mode"},"sceneLighting":true,"audioPlay":false,"sceneViewState":{"showFog":true,"showMaterialUpdate":false,"showSkybox":true,"showFlares":true,"showImageEffects":true,"showParticleSystems":true},"in2DMode":false,"pivot":{"x":73.57560729980469,"y":-11.036865234375,"z":170.2374267578125},"rotation":{"x":0.2191336452960968,"y":-0.18314141035079957,"z":0.04191668704152107,"w":0.9574368596076965},"size":645.2057495117188,"orthographic":false}